shipment_id,shipper_id,origin,destination,destination_address_id,weight,service_type,payment_id,device_id,package_count,booking_timestamp
SH85FB9739,S1000,Bangalore,London,ADDR129,17.78,OVERNIGHT,PAY576,DEV259,1,2026-07-11T12:26:59.203Z
SH619BA0FA,S1001,Kuwait,Singapore,ADDR60,11.98,OVERNIGHT,PAY307,DEV603,1,2026-07-27T22:49:57.265Z
SH38E95835,S1002,Delhi,Kabul,ADDR706,18.11,OVERNIGHT,PAY298,DEV989,1,2026-07-23T12:41:08.407Z
SH7357204D,S1003,Mumbai,Hyderabad,ADDR978,1.21,EXPRESS,PAY913,DEV84,1,2026-08-18T11:25:27.338Z
SH85ACE0AA,S1004,New York,Singapore,ADDR897,20.42,EXPRESS,PAY419,DEV280,1,2026-07-22T05:13:46.287Z
SHDD20F643,S1005,Kuwait,Hyderabad,ADDR961,15.85,EXPRESS,PAY747,DEV391,1,2026-07-01T12:54:44.686Z
SHAF0C6C24,S1006,Kolkata,Azerbaijan,ADDR104,12.12,EXPRESS,PAY666,DEV307,1,2026-08-04T14:12:27.174Z
SH990BAD05,S1007,Delhi,Singapore,ADDR654,8.27,EXPRESS,PAY733,DEV748,1,2026-07-06T18:51:06.571Z
SH57F53550,S1008,Mumbai,Paris,ADDR677,4.98,OVERNIGHT,PAY579,DEV621,1,2026-08-19T22:06:26.189Z
SHD56D413E,S1009,Chennai,London,ADDR798,11.09,STANDARD,PAY268,DEV105,1,2026-06-21T05:31:20.811Z
SHA2F1A442,S1000,Bangalore,Paris,ADDR737,1.82,STANDARD,PAY612,DEV750,1,2026-07-13T08:48:00.381Z
SHF8C89587,S1001,Dubai,Kabul,ADDR281,16.86,OVERNIGHT,PAY248,DEV64,1,2026-07-05T03:39:24.316Z
SH40130B71,S1002,Chennai,Pune,ADDR540,4.14,STANDARD,PAY697,DEV251,1,2026-08-03T17:48:49.652Z
SHC620B570,S1003,New York,Pune,ADDR763,2.92,EXPRESS,PAY710,DEV667,1,2026-06-10T19:52:14.372Z
SHCE12282D,S1004,Chennai,Pune,ADDR116,19.38,STANDARD,PAY223,DEV395,1,2026-09-18T01:03:29.277Z
SH559D0461,S1005,Kolkata,London,ADDR289,14.22,STANDARD,PAY394,DEV268,1,2026-07-23T21:10:16.304Z
SH5400AD88,S1006,Mumbai,Singapore,ADDR40,2.16,EXPRESS,PAY289,DEV77,1,2026-09-10T22:59:23.568Z
SH33DA21BA,S1007,Delhi,Paris,ADDR655,3.67,STANDARD,PAY737,DEV16,1,2026-09-24T13:09:07.349Z
SH1BC6629E,S1008,Mumbai,Azerbaijan,ADDR967,12.08,EXPRESS,PAY222,DEV65,1,2026-09-20T06:40:15.417Z
SH586E6C4A,S1009,Delhi,London,ADDR860,3.45,OVERNIGHT,PAY195,DEV999,1,2026-06-21T05:45:32.628Z
SH91DA92D0,S1000,Bangalore,London,ADDR792,2.93,EXPRESS,PAY449,DEV203,1,2026-09-07T08:44:03.552Z
SH330ACC36,S1001,Bangalore,Singapore,ADDR140,20.37,STANDARD,PAY829,DEV360,1,2026-08-17T05:27:20.217Z
SH2601183A,S1002,Mumbai,Singapore,ADDR733,13.60,STANDARD,PAY297,DEV985,1,2026-09-14T06:50:42.508Z
SH1126F64D,S99923,Kuwait,Kabul,ADDR402,113.79,STANDARD,PAY220,DEV888,3,2026-09-03T03:33:46.196Z
SH7A17C640,S1004,Bangalore,Hyderabad,ADDR293,11.46,STANDARD,PAY273,DEV956,1,2026-09-12T20:41:51.498Z
SH3D45F2F1,S1005,Kuwait,Kabul,ADDR316,6.48,STANDARD,PAY100,DEV650,1,2026-09-15T12:01:10.677Z
SHE5717B51,S1006,New York,Hyderabad,ADDR855,12.10,STANDARD,PAY289,DEV598,1,2026-10-02T22:05:58.017Z
SHCD09B99E,S1007,Dubai,Singapore,ADDR408,8.48,STANDARD,PAY442,DEV839,1,2026-09-05T09:34:55.355Z
SH8C01F594,S1008,Mumbai,Pune,ADDR849,7.01,STANDARD,PAY620,DEV979,1,2026-07-24T13:47:16.444Z
SHAD6F9ACC,S1009,Dubai,Kabul,ADDR65,4.74,STANDARD,PAY545,DEV597,1,2026-07-04T18:42:44.749Z
SH0EDE8F22,S1000,Kolkata,Hyderabad,ADDR720,19.46,EXPRESS,PAY78,DEV357,1,2026-09-04T05:02:43.840Z
SH0A168DF2,S1001,Kolkata,Singapore,ADDR240,4.38,STANDARD,PAY829,DEV581,1,2026-09-03T07:03:42.013Z
SHF42B3CA8,S1002,Bangalore,London,ADDR58,19.31,OVERNIGHT,PAY318,DEV506,1,2026-06-13T22:47:39.368Z
SH0A5C36DB,S1003,New York,Paris,ADDR859,11.84,OVERNIGHT,PAY356,DEV356,1,2026-09-20T14:26:56.601Z
SHEA8E645A,S1004,Bangalore,Pune,ADDR924,14.20,STANDARD,PAY383,DEV786,1,2026-06-30T18:04:02.168Z
SH797295EC,S1005,Bangalore,London,ADDR837,13.52,OVERNIGHT,PAY33,DEV194,1,2026-06-17T07:23:08.929Z
SH17C05A78,S99936,Delhi,London,ADDR75,101.41,EXPRESS,PAY443,DEV490,2,2026-08-20T00:26:34.099Z
SH646BCEF8,S99937,Delhi,Singapore,ADDR937,140.81,EXPRESS,PAY146,DEV195,5,2026-06-20T22:16:35.038Z
SH41A91686,S1008,New York,London,ADDR111,11.26,OVERNIGHT,PAY724,DEV998,1,2026-07-30T03:31:34.316Z
SH1816BA05,S1009,New York,Paris,ADDR501,13.81,OVERNIGHT,PAY81,DEV756,1,2026-08-17T09:35:39.160Z
SH85F9C9F8,S1000,Chennai,Singapore,ADDR376,17.17,STANDARD,PAY601,DEV478,1,2026-09-16T13:27:47.306Z
SHC0BE3292,S1001,Kolkata,Azerbaijan,ADDR713,12.22,STANDARD,PAY255,DEV89,1,2026-09-15T21:24:19.543Z
SH7E9D5E13,S1002,Chennai,London,ADDR513,17.97,OVERNIGHT,PAY905,DEV393,1,2026-07-31T05:33:03.027Z
SHE4056097,S1003,Chennai,Azerbaijan,ADDR372,11.35,STANDARD,PAY478,DEV337,1,2026-07-30T09:25:36.342Z
SH9B78ECA8,S1004,Mumbai,Kabul,ADDR679,18.28,OVERNIGHT,PAY792,DEV964,1,2026-08-10T01:32:04.195Z
SH48527493,S1005,Bangalore,Singapore,ADDR630,2.29,STANDARD,PAY639,DEV760,1,2026-09-08T13:14:40.546Z
SH2D2875B6,S1006,Kuwait,Azerbaijan,ADDR565,3.42,STANDARD,PAY656,DEV703,1,2026-10-02T09:50:37.177Z
SH2FB43FB3,S99947,Kuwait,Azerbaijan,ADDR266,129.94,EXPRESS,PAY890,DEV197,1,2026-08-28T21:01:33.754Z
SH19419545,S99948,Chennai,Paris,ADDR856,103.35,EXPRESS,PAY415,DEV970,5,2026-09-10T11:00:39.835Z
SH1E43D2AB,S1009,Mumbai,London,ADDR153,12.70,OVERNIGHT,PAY294,DEV721,1,2026-07-19T17:38:48.478Z
SH86BB2F8B,S99950,New York,Paris,ADDR992,148.60,OVERNIGHT,PAY644,DEV339,5,2026-07-26T14:49:13.090Z
SH8BF3BB08,S1001,Delhi,Paris,ADDR884,18.44,OVERNIGHT,PAY329,DEV516,1,2026-07-21T03:44:56.047Z
SH196781D1,S1002,Bangalore,Kabul,ADDR465,4.09,OVERNIGHT,PAY974,DEV998,1,2026-07-02T02:16:48.592Z
SHDA38A9CF,S99953,Dubai,Azerbaijan,ADDR158,135.78,OVERNIGHT,PAY217,DEV322,4,2026-06-29T05:14:35.828Z
SH6A18F983,S1004,Bangalore,Singapore,ADDR517,14.14,STANDARD,PAY619,DEV943,1,2026-09-05T18:34:59.151Z
SH54CD8DB8,S1005,Mumbai,Singapore,ADDR387,2.70,STANDARD,PAY275,DEV901,1,2026-07-06T03:25:59.572Z
SHACB44C59,S1006,New York,London,ADDR22,10.13,EXPRESS,PAY873,DEV237,1,2026-09-26T13:38:44.287Z
SHAF0F365F,S1007,Bangalore,Singapore,ADDR312,16.66,OVERNIGHT,PAY445,DEV175,1,2026-09-01T11:01:02.819Z
SH0426A883,S1008,Mumbai,Singapore,ADDR900,15.97,STANDARD,PAY907,DEV737,1,2026-06-28T12:27:28.238Z
SH18F48019,S1009,Delhi,London,ADDR922,15.86,EXPRESS,PAY570,DEV703,1,2026-09-08T22:16:32.821Z
SHFD3D6103,S1000,Dubai,London,ADDR827,16.94,OVERNIGHT,PAY799,DEV673,1,2026-07-28T08:43:57.626Z
SHB596BD23,S1001,Kuwait,Paris,ADDR655,5.06,STANDARD,PAY842,DEV250,1,2026-10-03T14:55:13.033Z
SHDC837108,S1002,Chennai,Hyderabad,ADDR202,17.56,EXPRESS,PAY183,DEV549,1,2026-09-17T00:23:57.655Z
SHDDA726E4,S99963,Mumbai,London,ADDR173,128.84,STANDARD,PAY606,DEV333,5,2026-08-18T22:30:39.463Z
SH0FC02995,S1004,New York,Paris,ADDR234,19.07,STANDARD,PAY978,DEV789,1,2026-08-26T07:21:56.592Z
SHC0964B74,S1005,Kolkata,Paris,ADDR307,1.27,EXPRESS,PAY478,DEV240,1,2026-06-25T07:38:15.697Z
SH9EA8A876,S99966,Dubai,Paris,ADDR758,122.46,OVERNIGHT,PAY747,DEV184,4,2026-08-25T03:43:56.005Z
SH6E112F66,S99967,Mumbai,Kabul,ADDR621,112.82,EXPRESS,PAY12,DEV835,1,2026-08-24T16:03:17.018Z
SHE0FAB080,S1008,Chennai,Kabul,ADDR704,8.17,STANDARD,PAY225,DEV528,1,2026-07-06T19:30:04.593Z
SHCE4A8216,S99969,Kolkata,Singapore,ADDR927,138.10,EXPRESS,PAY117,DEV344,5,2026-08-11T14:08:41.170Z
SHC9C6D34A,S1000,Kolkata,Paris,ADDR872,15.09,OVERNIGHT,PAY81,DEV177,1,2026-07-26T16:29:27.736Z
SH70011380,S1001,Dubai,Azerbaijan,ADDR278,7.66,OVERNIGHT,PAY488,DEV132,1,2026-09-25T03:14:15.845Z
SHB672CE5E,S1002,Kolkata,Azerbaijan,ADDR385,3.97,OVERNIGHT,PAY557,DEV262,1,2026-09-02T22:32:37.184Z
SH87423C23,S99973,Mumbai,Kabul,ADDR327,131.20,EXPRESS,PAY101,DEV855,1,2026-09-29T03:39:28.692Z
SH4DEC8573,S99974,Kuwait,Azerbaijan,ADDR448,136.08,OVERNIGHT,PAY564,DEV431,1,2026-06-29T03:44:40.998Z
SHC131559C,S1005,Delhi,Pune,ADDR378,2.86,STANDARD,PAY202,DEV609,1,2026-08-17T06:09:46.650Z
SHE5359378,S1006,Delhi,Hyderabad,ADDR295,19.30,EXPRESS,PAY888,DEV42,1,2026-07-27T18:17:25.380Z
SH7B6319F9,S99977,Delhi,Singapore,ADDR151,135.19,STANDARD,PAY934,DEV841,1,2026-08-17T08:28:27.521Z
SHCA53FA60,S1008,Kolkata,Pune,ADDR609,2.97,OVERNIGHT,PAY216,DEV931,1,2026-10-01T05:46:05.826Z
SH14FB7C45,S1009,Kolkata,Paris,ADDR174,5.00,STANDARD,PAY313,DEV838,1,2026-07-31T17:27:45.004Z
SH622F44BA,S99980,New York,London,ADDR717,107.15,EXPRESS,PAY590,DEV876,3,2026-09-30T11:59:56.066Z
SH6BD5BC5F,S99981,Kolkata,Paris,ADDR479,140.56,EXPRESS,PAY794,DEV660,5,2026-08-23T19:36:31.904Z
SH11452FAB,S1002,New York,Singapore,ADDR980,7.68,STANDARD,PAY334,DEV527,1,2026-07-07T15:37:27.380Z
SH6AAAB8BD,S1003,Kolkata,Paris,ADDR765,6.43,OVERNIGHT,PAY79,DEV289,1,2026-08-25T20:45:08.069Z
SH81CD1CCE,S1004,Mumbai,Pune,ADDR845,9.87,OVERNIGHT,PAY27,DEV802,1,2026-06-20T17:02:36.292Z
SH671E4879,S1005,Bangalore,Azerbaijan,ADDR289,10.78,OVERNIGHT,PAY478,DEV927,1,2026-09-25T23:23:00.129Z
SH00D3F7EF,S99986,Kuwait,Singapore,ADDR422,128.95,EXPRESS,PAY693,DEV237,2,2026-06-20T06:20:59.358Z
SH8ECF8B04,S1007,Kuwait,Azerbaijan,ADDR568,8.51,EXPRESS,PAY934,DEV140,1,2026-06-17T20:27:46.710Z
SHC8A903A9,S1008,Chennai,Hyderabad,ADDR109,14.97,OVERNIGHT,PAY502,DEV110,1,2026-09-04T08:17:15.828Z
SHB0A3B2D3,S1009,Kuwait,Singapore,ADDR883,17.98,STANDARD,PAY849,DEV245,1,2026-09-10T17:48:00.596Z
SHA6D22E19,S1000,Kuwait,Singapore,ADDR465,14.42,OVERNIGHT,PAY613,DEV136,1,2026-06-19T00:31:13.709Z
SH860AD237,S99991,Kolkata,Kabul,ADDR923,132.57,EXPRESS,PAY504,DEV710,4,2026-08-03T14:42:16.949Z
SHAFC2CB23,S1002,Kolkata,Kabul,ADDR419,4.06,OVERNIGHT,PAY686,DEV233,1,2026-09-26T21:30:48.794Z
SH5BF4B087,S1003,Chennai,Kabul,ADDR545,20.15,EXPRESS,PAY192,DEV618,1,2026-09-25T21:54:07.639Z
SHE84A61BB,S99994,New York,Azerbaijan,ADDR911,134.57,STANDARD,PAY67,DEV772,3,2026-09-28T00:12:48.320Z
SHA473CCA1,S1005,Delhi,London,ADDR364,14.39,OVERNIGHT,PAY39,DEV151,1,2026-06-21T02:00:18.327Z
SHE384281B,S1006,Delhi,Singapore,ADDR38,8.93,OVERNIGHT,PAY645,DEV436,1,2026-06-23T13:20:14.700Z
SH38274344,S1007,New York,Hyderabad,ADDR606,6.95,EXPRESS,PAY948,DEV548,1,2026-09-26T07:28:33.802Z
SH34C2F5F0,S1008,Bangalore,Paris,ADDR27,16.21,OVERNIGHT,PAY813,DEV847,1,2026-07-05T14:35:30.917Z
SH4E65976C,S1009,Dubai,Paris,ADDR426,6.02,EXPRESS,PAY163,DEV504,1,2026-09-21T20:34:20.596Z
